request_number,official_store_id,branch_name,search_type,depth,center_latitude,center_longitude,search_radius_meters,results_returned,api_limit_reached,subdivided,request_status,error
1,37,Al Ain,beauty_salon,1,24.204225720625224,55.63535272767554,3535.53,20.0,True,True,SUCCESS,
2,37,Al Ain,beauty_salon,1,24.249141279374776,55.63535272767554,3535.53,9.0,False,False,SUCCESS,
3,37,Al Ain,beauty_salon,1,24.204225720625224,55.684606072324456,3535.53,20.0,True,True,SUCCESS,
4,37,Al Ain,beauty_salon,1,24.249141279374776,55.684606072324456,3535.53,20.0,True,True,SUCCESS,
5,37,Al Ain,hair_salon,1,24.204225720625224,55.63535272767554,3535.53,12.0,False,False,SUCCESS,
6,37,Al Ain,hair_salon,1,24.249141279374776,55.63535272767554,3535.53,3.0,False,False,SUCCESS,
7,37,Al Ain,hair_salon,1,24.204225720625224,55.684606072324456,3535.53,16.0,False,False,SUCCESS,
8,37,Al Ain,hair_salon,1,24.249141279374776,55.684606072324456,3535.53,13.0,False,False,SUCCESS,
9,30,Al Barsha,beauty_salon,1,25.090687320625225,55.19080689475046,3535.53,20.0,True,True,SUCCESS,
10,30,Al Barsha,beauty_salon,1,25.135602879374776,55.19080689475046,3535.53,20.0,True,True,SUCCESS,
11,30,Al Barsha,beauty_salon,1,25.090687320625225,55.24041150524955,3535.53,20.0,True,True,SUCCESS,
12,30,Al Barsha,beauty_salon,1,25.135602879374776,55.24041150524955,3535.53,20.0,True,True,SUCCESS,
13,30,Al Barsha,hair_salon,1,25.090687320625225,55.19080689475046,3535.53,20.0,True,True,SUCCESS,
14,30,Al Barsha,hair_salon,1,25.135602879374776,55.19080689475046,3535.53,20.0,True,True,SUCCESS,
15,30,Al Barsha,hair_salon,1,25.090687320625225,55.24041150524955,3535.53,20.0,True,True,SUCCESS,
16,30,Al Barsha,hair_salon,1,25.135602879374776,55.24041150524955,3535.53,20.0,True,True,SUCCESS,
17,30,Al Barsha,nail_salon,1,25.090687320625225,55.19080689475046,3535.53,20.0,True,True,SUCCESS,
18,30,Al Barsha,nail_salon,1,25.135602879374776,55.19080689475046,3535.53,20.0,True,True,SUCCESS,
19,30,Al Barsha,nail_salon,1,25.090687320625225,55.24041150524955,3535.53,20.0,True,True,SUCCESS,
20,30,Al Barsha,nail_salon,1,25.135602879374776,55.24041150524955,3535.53,20.0,True,True,SUCCESS,
21,30,Al Barsha,spa,1,25.090687320625225,55.19080689475046,3535.53,20.0,True,True,SUCCESS,
22,30,Al Barsha,spa,1,25.135602879374776,55.19080689475046,3535.53,20.0,True,True,SUCCESS,
23,30,Al Barsha,spa,1,25.090687320625225,55.24041150524955,3535.53,20.0,True,True,SUCCESS,
24,30,Al Barsha,spa,1,25.135602879374776,55.24041150524955,3535.53,20.0,True,True,SUCCESS,
25,46,Al Dhafra Branch,beauty_salon,1,23.605594620625226,53.6896016320995,3535.53,13.0,False,False,SUCCESS,
26,46,Al Dhafra Branch,beauty_salon,1,23.650510179374777,53.6896016320995,3535.53,14.0,False,False,SUCCESS,
27,46,Al Dhafra Branch,beauty_salon,1,23.605594620625226,53.738627167900496,3535.53,6.0,False,False,SUCCESS,
28,46,Al Dhafra Branch,beauty_salon,1,23.650510179374777,53.738627167900496,3535.53,12.0,False,False,SUCCESS,
29,46,Al Dhafra Branch,hair_salon,1,23.605594620625226,53.6896016320995,3535.53,2.0,False,False,SUCCESS,
30,46,Al Dhafra Branch,hair_salon,1,23.650510179374777,53.6896016320995,3535.53,10.0,False,False,SUCCESS,
31,46,Al Dhafra Branch,hair_salon,1,23.605594620625226,53.738627167900496,3535.53,1.0,False,False,SUCCESS,
32,46,Al Dhafra Branch,hair_salon,1,23.650510179374777,53.738627167900496,3535.53,20.0,True,True,SUCCESS,
33,39,Al Falah,beauty_salon,1,24.420436120625226,54.71502866391973,3535.53,20.0,True,True,SUCCESS,
34,39,Al Falah,beauty_salon,1,24.465351679374777,54.71502866391973,3535.53,20.0,True,True,SUCCESS,
35,39,Al Falah,beauty_salon,1,24.420436120625226,54.76436613608026,3535.53,20.0,True,True,SUCCESS,
36,39,Al Falah,beauty_salon,1,24.465351679374777,54.76436613608026,3535.53,11.0,False,False,SUCCESS,
37,50,Al Jada,beauty_salon,1,25.296751820625225,55.455067053254865,3535.53,20.0,True,True,SUCCESS,
38,50,Al Jada,beauty_salon,1,25.341667379374776,55.455067053254865,3535.53,20.0,True,True,SUCCESS,
39,50,Al Jada,beauty_salon,1,25.296751820625225,55.50475574674513,3535.53,16.0,False,False,SUCCESS,
40,50,Al Jada,beauty_salon,1,25.341667379374776,55.50475574674513,3535.53,20.0,True,True,SUCCESS,
41,50,Al Jada,hair_salon,1,25.296751820625225,55.455067053254865,3535.53,20.0,True,True,SUCCESS,
42,50,Al Jada,hair_salon,1,25.341667379374776,55.455067053254865,3535.53,20.0,True,True,SUCCESS,
43,50,Al Jada,hair_salon,1,25.296751820625225,55.50475574674513,3535.53,6.0,False,False,SUCCESS,
44,50,Al Jada,hair_salon,1,25.341667379374776,55.50475574674513,3535.53,15.0,False,False,SUCCESS,
45,50,Al Jada,nail_salon,1,25.296751820625225,55.455067053254865,3535.53,20.0,True,True,SUCCESS,
46,50,Al Jada,nail_salon,1,25.341667379374776,55.455067053254865,3535.53,12.0,False,False,SUCCESS,
47,50,Al Jada,nail_salon,1,25.296751820625225,55.50475574674513,3535.53,3.0,False,False,SUCCESS,
48,50,Al Jada,nail_salon,1,25.341667379374776,55.50475574674513,3535.53,2.0,False,False,SUCCESS,
49,50,Al Jada,spa,1,25.296751820625225,55.455067053254865,3535.53,20.0,True,True,SUCCESS,
50,50,Al Jada,spa,1,25.341667379374776,55.455067053254865,3535.53,20.0,True,True,SUCCESS,
51,50,Al Jada,spa,1,25.296751820625225,55.50475574674513,3535.53,5.0,False,False,SUCCESS,
52,50,Al Jada,spa,1,25.341667379374776,55.50475574674513,3535.53,7.0,False,False,SUCCESS,
53,45,Al Maqta,beauty_salon,1,24.390593820625224,54.46829269918851,3535.53,20.0,True,True,SUCCESS,
54,45,Al Maqta,beauty_salon,1,24.435509379374775,54.46829269918851,3535.53,20.0,True,True,SUCCESS,
55,45,Al Maqta,beauty_salon,1,24.390593820625224,54.517618500811494,3535.53,20.0,True,True,SUCCESS,
56,45,Al Maqta,beauty_salon,1,24.435509379374775,54.517618500811494,3535.53,20.0,True,True,SUCCESS,
57,45,Al Maqta,hair_salon,1,24.390593820625224,54.46829269918851,3535.53,18.0,False,False,SUCCESS,
58,45,Al Maqta,hair_salon,1,24.435509379374775,54.46829269918851,3535.53,20.0,True,True,SUCCESS,
59,45,Al Maqta,hair_salon,1,24.390593820625224,54.517618500811494,3535.53,20.0,True,True,SUCCESS,
60,45,Al Maqta,hair_salon,1,24.435509379374775,54.517618500811494,3535.53,14.0,False,False,SUCCESS,
61,45,Al Maqta,spa,1,24.390593820625224,54.46829269918851,3535.53,20.0,True,True,SUCCESS,
62,45,Al Maqta,spa,1,24.435509379374775,54.46829269918851,3535.53,20.0,True,True,SUCCESS,
63,45,Al Maqta,spa,1,24.390593820625224,54.517618500811494,3535.53,20.0,True,True,SUCCESS,
64,45,Al Maqta,spa,1,24.435509379374775,54.517618500811494,3535.53,20.0,True,True,SUCCESS,
65,51,Al Taif Mall,beauty_salon,1,25.097802820625226,56.30054655075574,3535.53,13.0,False,False,SUCCESS,
66,51,Al Taif Mall,beauty_salon,1,25.142718379374777,56.30054655075574,3535.53,20.0,True,True,SUCCESS,
67,51,Al Taif Mall,beauty_salon,1,25.097802820625226,56.35015404924425,3535.53,20.0,True,True,SUCCESS,
68,51,Al Taif Mall,beauty_salon,1,25.142718379374777,56.35015404924425,3535.53,20.0,True,True,SUCCESS,
69,51,Al Taif Mall,hair_salon,1,25.097802820625226,56.30054655075574,3535.53,5.0,False,False,SUCCESS,
70,51,Al Taif Mall,hair_salon,1,25.142718379374777,56.30054655075574,3535.53,8.0,False,False,SUCCESS,
71,51,Al Taif Mall,hair_salon,1,25.097802820625226,56.35015404924425,3535.53,20.0,True,True,SUCCESS,
72,51,Al Taif Mall,hair_salon,1,25.142718379374777,56.35015404924425,3535.53,20.0,True,True,SUCCESS,
73,51,Al Taif Mall,spa,1,25.097802820625226,56.30054655075574,3535.53,5.0,False,False,SUCCESS,
74,51,Al Taif Mall,spa,1,25.142718379374777,56.30054655075574,3535.53,17.0,False,False,SUCCESS,
75,51,Al Taif Mall,spa,1,25.097802820625226,56.35015404924425,3535.53,16.0,False,False,SUCCESS,
76,51,Al Taif Mall,spa,1,25.142718379374777,56.35015404924425,3535.53,20.0,True,True,SUCCESS,
77,36,Baniyas,beauty_salon,1,24.274905320625223,54.60860703133837,3535.53,20.0,True,True,SUCCESS,
78,36,Baniyas,beauty_salon,1,24.319820879374774,54.60860703133837,3535.53,20.0,True,True,SUCCESS,
79,36,Baniyas,beauty_salon,1,24.274905320625223,54.65788776866163,3535.53,20.0,True,True,SUCCESS,
80,36,Baniyas,beauty_salon,1,24.319820879374774,54.65788776866163,3535.53,20.0,True,True,SUCCESS,
81,36,Baniyas,hair_salon,1,24.274905320625223,54.60860703133837,3535.53,20.0,True,True,SUCCESS,
82,36,Baniyas,hair_salon,1,24.319820879374774,54.60860703133837,3535.53,20.0,True,True,SUCCESS,
83,36,Baniyas,hair_salon,1,24.274905320625223,54.65788776866163,3535.53,20.0,True,True,SUCCESS,
84,36,Baniyas,hair_salon,1,24.319820879374774,54.65788776866163,3535.53,16.0,False,False,SUCCESS,
85,36,Baniyas,spa,1,24.274905320625223,54.60860703133837,3535.53,4.0,False,False,SUCCESS,
86,36,Baniyas,spa,1,24.319820879374774,54.60860703133837,3535.53,17.0,False,False,SUCCESS,
87,36,Baniyas,spa,1,24.274905320625223,54.65788776866163,3535.53,13.0,False,False,SUCCESS,
88,36,Baniyas,spa,1,24.319820879374774,54.65788776866163,3535.53,16.0,False,False,SUCCESS,
89,28,City Walk,beauty_salon,1,25.179527120625224,55.238994326388564,3535.53,20.0,True,True,SUCCESS,
90,28,City Walk,beauty_salon,1,25.224442679374775,55.238994326388564,3535.53,20.0,True,True,SUCCESS,
91,28,City Walk,beauty_salon,1,25.179527120625224,55.28863507361143,3535.53,20.0,True,True,SUCCESS,
92,28,City Walk,beauty_salon,1,25.224442679374775,55.28863507361143,3535.53,20.0,True,True,SUCCESS,
93,28,City Walk,hair_salon,1,25.179527120625224,55.238994326388564,3535.53,20.0,True,True,SUCCESS,
94,28,City Walk,hair_salon,1,25.224442679374775,55.238994326388564,3535.53,20.0,True,True,SUCCESS,
95,28,City Walk,hair_salon,1,25.179527120625224,55.28863507361143,3535.53,20.0,True,True,SUCCESS,
96,28,City Walk,hair_salon,1,25.224442679374775,55.28863507361143,3535.53,19.0,False,False,SUCCESS,
97,28,City Walk,spa,1,25.179527120625224,55.238994326388564,3535.53,20.0,True,True,SUCCESS,
98,28,City Walk,spa,1,25.224442679374775,55.238994326388564,3535.53,20.0,True,True,SUCCESS,
99,28,City Walk,spa,1,25.179527120625224,55.28863507361143,3535.53,20.0,True,True,SUCCESS,
100,28,City Walk,spa,1,25.224442679374775,55.28863507361143,3535.53,20.0,True,True,SUCCESS,
101,38,Delma,beauty_salon,1,24.445496220625223,54.360105956442204,3535.53,20.0,True,True,SUCCESS,
102,38,Delma,beauty_salon,1,24.490411779374774,54.360105956442204,3535.53,20.0,True,True,SUCCESS,
103,38,Delma,beauty_salon,1,24.445496220625223,54.4094532435578,3535.53,20.0,True,True,SUCCESS,
104,38,Delma,beauty_salon,1,24.490411779374774,54.4094532435578,3535.53,20.0,True,True,SUCCESS,
105,38,Delma,hair_salon,1,24.445496220625223,54.360105956442204,3535.53,20.0,True,True,SUCCESS,
106,38,Delma,hair_salon,1,24.490411779374774,54.360105956442204,3535.53,20.0,True,True,SUCCESS,
107,38,Delma,hair_salon,1,24.445496220625223,54.4094532435578,3535.53,20.0,True,True,SUCCESS,
108,38,Delma,hair_salon,1,24.490411779374774,54.4094532435578,3535.53,20.0,True,True,SUCCESS,
109,38,Delma,nail_salon,1,24.445496220625223,54.360105956442204,3535.53,20.0,True,True,SUCCESS,
110,38,Delma,nail_salon,1,24.490411779374774,54.360105956442204,3535.53,20.0,True,True,SUCCESS,
111,38,Delma,nail_salon,1,24.445496220625223,54.4094532435578,3535.53,20.0,True,True,SUCCESS,
112,38,Delma,nail_salon,1,24.490411779374774,54.4094532435578,3535.53,20.0,True,True,SUCCESS,
113,38,Delma,spa,1,24.445496220625223,54.360105956442204,3535.53,20.0,True,True,SUCCESS,
114,38,Delma,spa,1,24.490411779374774,54.360105956442204,3535.53,20.0,True,True,SUCCESS,
115,38,Delma,spa,1,24.445496220625223,54.4094532435578,3535.53,20.0,True,True,SUCCESS,
116,38,Delma,spa,1,24.490411779374774,54.4094532435578,3535.53,20.0,True,True,SUCCESS,
117,32,Jumeirah Park,beauty_salon,1,25.016696220625228,55.14118627764098,3535.53,20.0,True,True,SUCCESS,
118,32,Jumeirah Park,beauty_salon,1,25.06161177937478,55.14118627764098,3535.53,20.0,True,True,SUCCESS,
119,32,Jumeirah Park,beauty_salon,1,25.016696220625228,55.19076092235902,3535.53,20.0,True,True,SUCCESS,
120,32,Jumeirah Park,beauty_salon,1,25.06161177937478,55.19076092235902,3535.53,20.0,True,True,SUCCESS,
121,32,Jumeirah Park,hair_salon,1,25.016696220625228,55.14118627764098,3535.53,20.0,True,True,SUCCESS,
122,32,Jumeirah Park,hair_salon,1,25.06161177937478,55.14118627764098,3535.53,20.0,True,True,SUCCESS,
123,32,Jumeirah Park,hair_salon,1,25.016696220625228,55.19076092235902,3535.53,20.0,True,True,SUCCESS,
124,32,Jumeirah Park,hair_salon,1,25.06161177937478,55.19076092235902,3535.53,20.0,True,True,SUCCESS,
125,32,Jumeirah Park,nail_salon,1,25.016696220625228,55.14118627764098,3535.53,16.0,False,False,SUCCESS,
126,32,Jumeirah Park,nail_salon,1,25.06161177937478,55.14118627764098,3535.53,20.0,True,True,SUCCESS,
127,32,Jumeirah Park,nail_salon,1,25.016696220625228,55.19076092235902,3535.53,15.0,False,False,SUCCESS,
128,32,Jumeirah Park,nail_salon,1,25.06161177937478,55.19076092235902,3535.53,20.0,True,True,SUCCESS,
129,32,Jumeirah Park,spa,1,25.016696220625228,55.14118627764098,3535.53,20.0,True,True,SUCCESS,
130,32,Jumeirah Park,spa,1,25.06161177937478,55.14118627764098,3535.53,20.0,True,True,SUCCESS,
131,32,Jumeirah Park,spa,1,25.016696220625228,55.19076092235902,3535.53,20.0,True,True,SUCCESS,
132,32,Jumeirah Park,spa,1,25.06161177937478,55.19076092235902,3535.53,20.0,True,True,SUCCESS,
133,40,Khaleej Al Arabi,beauty_salon,1,24.436412420625228,54.32910433607852,3535.53,20.0,True,True,SUCCESS,
134,40,Khaleej Al Arabi,beauty_salon,1,24.48132797937478,54.32910433607852,3535.53,20.0,True,True,SUCCESS,
135,40,Khaleej Al Arabi,beauty_salon,1,24.436412420625228,54.378448063921475,3535.53,20.0,True,True,SUCCESS,
136,40,Khaleej Al Arabi,beauty_salon,1,24.48132797937478,54.378448063921475,3535.53,20.0,True,True,SUCCESS,
137,40,Khaleej Al Arabi,hair_salon,1,24.436412420625228,54.32910433607852,3535.53,11.0,False,False,SUCCESS,
138,40,Khaleej Al Arabi,hair_salon,1,24.48132797937478,54.32910433607852,3535.53,20.0,True,True,SUCCESS,
139,40,Khaleej Al Arabi,hair_salon,1,24.436412420625228,54.378448063921475,3535.53,20.0,True,True,SUCCESS,
140,40,Khaleej Al Arabi,hair_salon,1,24.48132797937478,54.378448063921475,3535.53,20.0,True,True,SUCCESS,
141,40,Khaleej Al Arabi,nail_salon,1,24.436412420625228,54.32910433607852,3535.53,9.0,False,False,SUCCESS,
142,40,Khaleej Al Arabi,nail_salon,1,24.48132797937478,54.32910433607852,3535.53,20.0,True,True,SUCCESS,
143,40,Khaleej Al Arabi,nail_salon,1,24.436412420625228,54.378448063921475,3535.53,20.0,True,True,SUCCESS,
144,40,Khaleej Al Arabi,nail_salon,1,24.48132797937478,54.378448063921475,3535.53,20.0,True,True,SUCCESS,
145,40,Khaleej Al Arabi,spa,1,24.436412420625228,54.32910433607852,3535.53,20.0,True,True,SUCCESS,
146,40,Khaleej Al Arabi,spa,1,24.48132797937478,54.32910433607852,3535.53,20.0,True,True,SUCCESS,
147,40,Khaleej Al Arabi,spa,1,24.436412420625228,54.378448063921475,3535.53,20.0,True,True,SUCCESS,
148,40,Khaleej Al Arabi,spa,1,24.48132797937478,54.378448063921475,3535.53,20.0,True,True,SUCCESS,
149,41,Khalifa City A,beauty_salon,1,24.417522720625225,54.57423743401315,3535.53,20.0,True,True,SUCCESS,
150,41,Khalifa City A,beauty_salon,1,24.462438279374776,54.57423743401315,3535.53,20.0,True,True,SUCCESS,
151,41,Khalifa City A,beauty_salon,1,24.417522720625225,54.623573765986855,3535.53,20.0,True,True,SUCCESS,
152,41,Khalifa City A,beauty_salon,1,24.462438279374776,54.623573765986855,3535.53,20.0,True,True,SUCCESS,
153,41,Khalifa City A,hair_salon,1,24.417522720625225,54.57423743401315,3535.53,20.0,True,True,SUCCESS,
154,41,Khalifa City A,hair_salon,1,24.462438279374776,54.57423743401315,3535.53,15.0,False,False,SUCCESS,
155,41,Khalifa City A,hair_salon,1,24.417522720625225,54.623573765986855,3535.53,13.0,False,False,SUCCESS,
156,41,Khalifa City A,hair_salon,1,24.462438279374776,54.623573765986855,3535.53,20.0,True,True,SUCCESS,
157,41,Khalifa City A,nail_salon,1,24.417522720625225,54.57423743401315,3535.53,20.0,True,True,SUCCESS,
158,41,Khalifa City A,nail_salon,1,24.462438279374776,54.57423743401315,3535.53,9.0,False,False,SUCCESS,
159,41,Khalifa City A,nail_salon,1,24.417522720625225,54.623573765986855,3535.53,9.0,False,False,SUCCESS,
160,41,Khalifa City A,nail_salon,1,24.462438279374776,54.623573765986855,3535.53,13.0,False,False,SUCCESS,
161,41,Khalifa City A,spa,1,24.417522720625225,54.57423743401315,3535.53,20.0,True,True,SUCCESS,
162,41,Khalifa City A,spa,1,24.462438279374776,54.57423743401315,3535.53,20.0,True,True,SUCCESS,
163,41,Khalifa City A,spa,1,24.417522720625225,54.623573765986855,3535.53,20.0,True,True,SUCCESS,
164,41,Khalifa City A,spa,1,24.462438279374776,54.623573765986855,3535.53,20.0,True,True,SUCCESS,
165,43,Ministries Complex,beauty_salon,1,24.409689220625225,54.440084966423626,3535.53,20.0,True,True,SUCCESS,
166,43,Ministries Complex,beauty_salon,1,24.454604779374776,54.440084966423626,3535.53,20.0,True,True,SUCCESS,
167,43,Ministries Complex,beauty_salon,1,24.409689220625225,54.48941823357637,3535.53,20.0,True,True,SUCCESS,
168,43,Ministries Complex,beauty_salon,1,24.454604779374776,54.48941823357637,3535.53,3.0,False,False,SUCCESS,
169,43,Ministries Complex,hair_salon,1,24.409689220625225,54.440084966423626,3535.53,20.0,True,True,SUCCESS,
170,43,Ministries Complex,hair_salon,1,24.454604779374776,54.440084966423626,3535.53,20.0,True,True,SUCCESS,
171,43,Ministries Complex,hair_salon,1,24.409689220625225,54.48941823357637,3535.53,17.0,False,False,SUCCESS,
172,43,Ministries Complex,hair_salon,1,24.454604779374776,54.48941823357637,3535.53,0.0,False,False,SUCCESS,
173,43,Ministries Complex,nail_salon,1,24.409689220625225,54.440084966423626,3535.53,17.0,False,False,SUCCESS,
174,43,Ministries Complex,nail_salon,1,24.454604779374776,54.440084966423626,3535.53,11.0,False,False,SUCCESS,
175,43,Ministries Complex,nail_salon,1,24.409689220625225,54.48941823357637,3535.53,17.0,False,False,SUCCESS,
176,43,Ministries Complex,nail_salon,1,24.454604779374776,54.48941823357637,3535.53,0.0,False,False,SUCCESS,
177,43,Ministries Complex,spa,1,24.409689220625225,54.440084966423626,3535.53,20.0,True,True,SUCCESS,
178,43,Ministries Complex,spa,1,24.454604779374776,54.440084966423626,3535.53,20.0,True,True,SUCCESS,
179,43,Ministries Complex,spa,1,24.409689220625225,54.48941823357637,3535.53,20.0,True,True,SUCCESS,
180,43,Ministries Complex,spa,1,24.454604779374776,54.48941823357637,3535.53,1.0,False,False,SUCCESS,
181,29,Mirdif 35,beauty_salon,1,25.209840820625224,55.40813334145721,3535.53,20.0,True,True,SUCCESS,
182,29,Mirdif 35,beauty_salon,1,25.254756379374776,55.40813334145721,3535.53,20.0,True,True,SUCCESS,
183,29,Mirdif 35,beauty_salon,1,25.209840820625224,55.45778645854279,3535.53,20.0,True,True,SUCCESS,
184,29,Mirdif 35,beauty_salon,1,25.254756379374776,55.45778645854279,3535.53,20.0,True,True,SUCCESS,
185,29,Mirdif 35,hair_salon,1,25.209840820625224,55.40813334145721,3535.53,20.0,True,True,SUCCESS,
186,29,Mirdif 35,hair_salon,1,25.254756379374776,55.40813334145721,3535.53,20.0,True,True,SUCCESS,
187,29,Mirdif 35,hair_salon,1,25.209840820625224,55.45778645854279,3535.53,20.0,True,True,SUCCESS,
188,29,Mirdif 35,hair_salon,1,25.254756379374776,55.45778645854279,3535.53,20.0,True,True,SUCCESS,
189,29,Mirdif 35,spa,1,25.209840820625224,55.40813334145721,3535.53,20.0,True,True,SUCCESS,
190,29,Mirdif 35,spa,1,25.254756379374776,55.40813334145721,3535.53,20.0,True,True,SUCCESS,
191,29,Mirdif 35,spa,1,25.209840820625224,55.45778645854279,3535.53,19.0,False,False,SUCCESS,
192,29,Mirdif 35,spa,1,25.254756379374776,55.45778645854279,3535.53,13.0,False,False,SUCCESS,
193,44,Mohammed Bin Zayed City,beauty_salon,1,24.344325320625224,54.51568652770919,3535.53,20.0,True,True,SUCCESS,
194,44,Mohammed Bin Zayed City,beauty_salon,1,24.389240879374775,54.51568652770919,3535.53,20.0,True,True,SUCCESS,
195,44,Mohammed Bin Zayed City,beauty_salon,1,24.344325320625224,54.564994272290804,3535.53,20.0,True,True,SUCCESS,
196,44,Mohammed Bin Zayed City,beauty_salon,1,24.389240879374775,54.564994272290804,3535.53,20.0,True,True,SUCCESS,
197,44,Mohammed Bin Zayed City,hair_salon,1,24.344325320625224,54.51568652770919,3535.53,20.0,True,True,SUCCESS,
198,44,Mohammed Bin Zayed City,hair_salon,1,24.389240879374775,54.51568652770919,3535.53,20.0,True,True,SUCCESS,
199,44,Mohammed Bin Zayed City,hair_salon,1,24.344325320625224,54.564994272290804,3535.53,20.0,True,True,SUCCESS,
200,44,Mohammed Bin Zayed City,hair_salon,1,24.389240879374775,54.564994272290804,3535.53,14.0,False,False,SUCCESS,
201,44,Mohammed Bin Zayed City,nail_salon,1,24.344325320625224,54.51568652770919,3535.53,20.0,True,True,SUCCESS,
202,44,Mohammed Bin Zayed City,nail_salon,1,24.389240879374775,54.51568652770919,3535.53,11.0,False,False,SUCCESS,
203,44,Mohammed Bin Zayed City,nail_salon,1,24.344325320625224,54.564994272290804,3535.53,14.0,False,False,SUCCESS,
204,44,Mohammed Bin Zayed City,nail_salon,1,24.389240879374775,54.564994272290804,3535.53,11.0,False,False,SUCCESS,
205,44,Mohammed Bin Zayed City,spa,1,24.344325320625224,54.51568652770919,3535.53,20.0,True,True,SUCCESS,
206,44,Mohammed Bin Zayed City,spa,1,24.389240879374775,54.51568652770919,3535.53,20.0,True,True,SUCCESS,
207,44,Mohammed Bin Zayed City,spa,1,24.344325320625224,54.564994272290804,3535.53,20.0,True,True,SUCCESS,
208,44,Mohammed Bin Zayed City,spa,1,24.389240879374775,54.564994272290804,3535.53,20.0,True,True,SUCCESS,
209,31,Nad Al Sheba,beauty_salon,1,25.137104720625224,55.34487576503961,3535.53,20.0,True,True,SUCCESS,
210,31,Nad Al Sheba,beauty_salon,1,25.182020279374775,55.34487576503961,3535.53,20.0,True,True,SUCCESS,
211,31,Nad Al Sheba,beauty_salon,1,25.137104720625224,55.394499234960385,3535.53,20.0,True,True,SUCCESS,
212,31,Nad Al Sheba,beauty_salon,1,25.182020279374775,55.394499234960385,3535.53,20.0,True,True,SUCCESS,
213,31,Nad Al Sheba,hair_salon,1,25.137104720625224,55.34487576503961,3535.53,16.0,False,False,SUCCESS,
214,31,Nad Al Sheba,hair_salon,1,25.182020279374775,55.34487576503961,3535.53,14.0,False,False,SUCCESS,
215,31,Nad Al Sheba,hair_salon,1,25.137104720625224,55.394499234960385,3535.53,20.0,True,True,SUCCESS,
216,31,Nad Al Sheba,hair_salon,1,25.182020279374775,55.394499234960385,3535.53,20.0,True,True,SUCCESS,
217,31,Nad Al Sheba,nail_salon,1,25.137104720625224,55.34487576503961,3535.53,5.0,False,False,SUCCESS,
218,31,Nad Al Sheba,nail_salon,1,25.182020279374775,55.34487576503961,3535.53,4.0,False,False,SUCCESS,
219,31,Nad Al Sheba,nail_salon,1,25.137104720625224,55.394499234960385,3535.53,20.0,True,True,SUCCESS,
220,31,Nad Al Sheba,nail_salon,1,25.182020279374775,55.394499234960385,3535.53,20.0,True,True,SUCCESS,
221,31,Nad Al Sheba,spa,1,25.137104720625224,55.34487576503961,3535.53,9.0,False,False,SUCCESS,
222,31,Nad Al Sheba,spa,1,25.182020279374775,55.34487576503961,3535.53,20.0,True,True,SUCCESS,
223,31,Nad Al Sheba,spa,1,25.137104720625224,55.394499234960385,3535.53,20.0,True,True,SUCCESS,
224,31,Nad Al Sheba,spa,1,25.182020279374775,55.394499234960385,3535.53,20.0,True,True,SUCCESS,
225,52,Noya Plaza,beauty_salon,1,24.477104720625224,54.60075765708255,3535.53,20.0,True,True,SUCCESS,
226,52,Noya Plaza,beauty_salon,1,24.522020279374775,54.60075765708255,3535.53,13.0,False,False,SUCCESS,
227,52,Noya Plaza,beauty_salon,1,24.477104720625224,54.65011734291744,3535.53,8.0,False,False,SUCCESS,
228,52,Noya Plaza,beauty_salon,1,24.522020279374775,54.65011734291744,3535.53,20.0,True,True,SUCCESS,
229,52,Noya Plaza,spa,1,24.477104720625224,54.60075765708255,3535.53,20.0,True,True,SUCCESS,
230,52,Noya Plaza,spa,1,24.522020279374775,54.60075765708255,3535.53,2.0,False,False,SUCCESS,
231,52,Noya Plaza,spa,1,24.477104720625224,54.65011734291744,3535.53,11.0,False,False,SUCCESS,
232,52,Noya Plaza,spa,1,24.522020279374775,54.65011734291744,3535.53,7.0,False,False,SUCCESS,
233,48,Ras Al Khaimah,beauty_salon,1,25.729083220625224,55.89493763246456,3535.53,20.0,True,True,SUCCESS,
234,48,Ras Al Khaimah,beauty_salon,1,25.773998779374775,55.89493763246456,3535.53,20.0,True,True,SUCCESS,
235,48,Ras Al Khaimah,beauty_salon,1,25.729083220625224,55.94480576753544,3535.53,20.0,True,True,SUCCESS,
236,48,Ras Al Khaimah,beauty_salon,1,25.773998779374775,55.94480576753544,3535.53,20.0,True,True,SUCCESS,
237,48,Ras Al Khaimah,hair_salon,1,25.729083220625224,55.89493763246456,3535.53,19.0,False,False,SUCCESS,
238,48,Ras Al Khaimah,hair_salon,1,25.773998779374775,55.89493763246456,3535.53,10.0,False,False,SUCCESS,
239,48,Ras Al Khaimah,hair_salon,1,25.729083220625224,55.94480576753544,3535.53,20.0,True,True,SUCCESS,
240,48,Ras Al Khaimah,hair_salon,1,25.773998779374775,55.94480576753544,3535.53,20.0,True,True,SUCCESS,
241,48,Ras Al Khaimah,spa,1,25.729083220625224,55.89493763246456,3535.53,16.0,False,False,SUCCESS,
242,48,Ras Al Khaimah,spa,1,25.773998779374775,55.89493763246456,3535.53,8.0,False,False,SUCCESS,
243,48,Ras Al Khaimah,spa,1,25.729083220625224,55.94480576753544,3535.53,10.0,False,False,SUCCESS,
244,48,Ras Al Khaimah,spa,1,25.773998779374775,55.94480576753544,3535.53,20.0,True,True,SUCCESS,
245,35,Shahama,beauty_salon,1,24.501916420625225,54.64721178332884,3535.53,15.0,False,False,SUCCESS,
246,35,Shahama,beauty_salon,1,24.546831979374776,54.64721178332884,3535.53,17.0,False,False,SUCCESS,
247,35,Shahama,beauty_salon,1,24.501916420625225,54.69658121667116,3535.53,20.0,True,True,SUCCESS,
248,35,Shahama,beauty_salon,1,24.546831979374776,54.69658121667116,3535.53,20.0,True,True,SUCCESS,
249,35,Shahama,hair_salon,1,24.501916420625225,54.64721178332884,3535.53,2.0,False,False,SUCCESS,
250,35,Shahama,hair_salon,1,24.546831979374776,54.64721178332884,3535.53,6.0,False,False,SUCCESS,
251,35,Shahama,hair_salon,1,24.501916420625225,54.69658121667116,3535.53,13.0,False,False,SUCCESS,
252,35,Shahama,hair_salon,1,24.546831979374776,54.69658121667116,3535.53,20.0,True,True,SUCCESS,
253,35,Shahama,spa,1,24.501916420625225,54.64721178332884,3535.53,6.0,False,False,SUCCESS,
254,35,Shahama,spa,1,24.546831979374776,54.64721178332884,3535.53,1.0,False,False,SUCCESS,
255,35,Shahama,spa,1,24.501916420625225,54.69658121667116,3535.53,11.0,False,False,SUCCESS,
256,35,Shahama,spa,1,24.546831979374776,54.69658121667116,3535.53,19.0,False,False,SUCCESS,
257,42,Shakhbout City,beauty_salon,1,24.325727620625223,54.599205850347545,3535.53,20.0,True,True,SUCCESS,
258,42,Shakhbout City,beauty_salon,1,24.370643179374774,54.599205850347545,3535.53,19.0,False,False,SUCCESS,
259,42,Shakhbout City,beauty_salon,1,24.325727620625223,54.64850634965245,3535.53,20.0,True,True,SUCCESS,
260,42,Shakhbout City,beauty_salon,1,24.370643179374774,54.64850634965245,3535.53,20.0,True,True,SUCCESS,
261,42,Shakhbout City,hair_salon,1,24.325727620625223,54.599205850347545,3535.53,18.0,False,False,SUCCESS,
262,42,Shakhbout City,hair_salon,1,24.370643179374774,54.599205850347545,3535.53,3.0,False,False,SUCCESS,
263,42,Shakhbout City,hair_salon,1,24.325727620625223,54.64850634965245,3535.53,16.0,False,False,SUCCESS,
264,42,Shakhbout City,hair_salon,1,24.370643179374774,54.64850634965245,3535.53,6.0,False,False,SUCCESS,
265,42,Shakhbout City,spa,1,24.325727620625223,54.599205850347545,3535.53,14.0,False,False,SUCCESS,
266,42,Shakhbout City,spa,1,24.370643179374774,54.599205850347545,3535.53,9.0,False,False,SUCCESS,
267,42,Shakhbout City,spa,1,24.325727620625223,54.64850634965245,3535.53,20.0,True,True,SUCCESS,
268,42,Shakhbout City,spa,1,24.370643179374774,54.64850634965245,3535.53,9.0,False,False,SUCCESS,
269,34,Westyas Branch,beauty_salon,1,24.471034620625225,54.56215824843269,3535.53,6.0,False,False,SUCCESS,
270,34,Westyas Branch,beauty_salon,1,24.515950179374776,54.56215824843269,3535.53,2.0,False,False,SUCCESS,
271,34,Westyas Branch,beauty_salon,1,24.471034620625225,54.611515551567315,3535.53,20.0,True,True,SUCCESS,
272,34,Westyas Branch,beauty_salon,1,24.515950179374776,54.611515551567315,3535.53,20.0,True,True,SUCCESS,
273,34,Westyas Branch,spa,1,24.471034620625225,54.56215824843269,3535.53,5.0,False,False,SUCCESS,
274,34,Westyas Branch,spa,1,24.515950179374776,54.56215824843269,3535.53,1.0,False,False,SUCCESS,
275,34,Westyas Branch,spa,1,24.471034620625225,54.611515551567315,3535.53,20.0,True,True,SUCCESS,
276,34,Westyas Branch,spa,1,24.515950179374776,54.611515551567315,3535.53,10.0,False,False,SUCCESS,
277,49,Zawaya Walk,beauty_salon,1,25.308165620625225,55.4046261110335,3535.53,20.0,True,True,SUCCESS,
278,49,Zawaya Walk,beauty_salon,1,25.353081179374776,55.4046261110335,3535.53,20.0,True,True,SUCCESS,
279,49,Zawaya Walk,beauty_salon,1,25.308165620625225,55.4543194889665,3535.53,20.0,True,True,SUCCESS,
280,49,Zawaya Walk,beauty_salon,1,25.353081179374776,55.4543194889665,3535.53,20.0,True,True,SUCCESS,
281,49,Zawaya Walk,hair_salon,1,25.308165620625225,55.4046261110335,3535.53,20.0,True,True,SUCCESS,
282,49,Zawaya Walk,hair_salon,1,25.353081179374776,55.4046261110335,3535.53,20.0,True,True,SUCCESS,
283,49,Zawaya Walk,hair_salon,1,25.308165620625225,55.4543194889665,3535.53,20.0,True,True,SUCCESS,
284,49,Zawaya Walk,hair_salon,1,25.353081179374776,55.4543194889665,3535.53,20.0,True,True,SUCCESS,
285,49,Zawaya Walk,nail_salon,1,25.308165620625225,55.4046261110335,3535.53,20.0,True,True,SUCCESS,
286,49,Zawaya Walk,nail_salon,1,25.353081179374776,55.4046261110335,3535.53,20.0,True,True,SUCCESS,
287,49,Zawaya Walk,nail_salon,1,25.308165620625225,55.4543194889665,3535.53,20.0,True,True,SUCCESS,
288,49,Zawaya Walk,nail_salon,1,25.353081179374776,55.4543194889665,3535.53,6.0,False,False,SUCCESS,
289,49,Zawaya Walk,spa,1,25.308165620625225,55.4046261110335,3535.53,20.0,True,True,SUCCESS,
290,49,Zawaya Walk,spa,1,25.353081179374776,55.4046261110335,3535.53,20.0,True,True,SUCCESS,
291,49,Zawaya Walk,spa,1,25.308165620625225,55.4543194889665,3535.53,20.0,True,True,SUCCESS,
292,49,Zawaya Walk,spa,1,25.353081179374776,55.4543194889665,3535.53,20.0,True,True,SUCCESS,
293,47,Zayed International Airport,beauty_salon,1,24.430314020625225,54.61647143034369,3535.53,20.0,True,True,SUCCESS,
294,47,Zayed International Airport,beauty_salon,1,24.475229579374776,54.61647143034369,3535.53,20.0,True,True,SUCCESS,
295,47,Zayed International Airport,beauty_salon,1,24.430314020625225,54.66581276965632,3535.53,5.0,False,False,SUCCESS,
296,47,Zayed International Airport,beauty_salon,1,24.475229579374776,54.66581276965632,3535.53,5.0,False,False,SUCCESS,
297,47,Zayed International Airport,hair_salon,1,24.430314020625225,54.61647143034369,3535.53,20.0,True,True,SUCCESS,
298,47,Zayed International Airport,hair_salon,1,24.475229579374776,54.61647143034369,3535.53,16.0,False,False,SUCCESS,
299,47,Zayed International Airport,hair_salon,1,24.430314020625225,54.66581276965632,3535.53,2.0,False,False,SUCCESS,
300,47,Zayed International Airport,hair_salon,1,24.475229579374776,54.66581276965632,3535.53,2.0,False,False,SUCCESS,
301,47,Zayed International Airport,spa,1,24.430314020625225,54.61647143034369,3535.53,20.0,True,True,SUCCESS,
302,47,Zayed International Airport,spa,1,24.475229579374776,54.61647143034369,3535.53,20.0,True,True,SUCCESS,
303,47,Zayed International Airport,spa,1,24.430314020625225,54.66581276965632,3535.53,7.0,False,False,SUCCESS,
304,47,Zayed International Airport,spa,1,24.475229579374776,54.66581276965632,3535.53,3.0,False,False,SUCCESS,
305,37,Al Ain,beauty_salon,2,24.192996830937837,55.62304156194019,1767.77,4.0,False,False,SUCCESS,
306,37,Al Ain,beauty_salon,2,24.215454610312612,55.62304156194019,1767.77,0.0,False,False,SUCCESS,
307,37,Al Ain,beauty_salon,2,24.192996830937837,55.647663893410886,1767.77,12.0,False,False,SUCCESS,
308,37,Al Ain,beauty_salon,2,24.215454610312612,55.647663893410886,1767.77,11.0,False,False,SUCCESS,
309,37,Al Ain,beauty_salon,2,24.192996830937837,55.67229490658911,1767.77,15.0,False,False,SUCCESS,
310,37,Al Ain,beauty_salon,2,24.215454610312612,55.67229490658911,1767.77,17.0,False,False,SUCCESS,
311,37,Al Ain,beauty_salon,2,24.192996830937837,55.696917238059804,1767.77,1.0,False,False,SUCCESS,
312,37,Al Ain,beauty_salon,2,24.215454610312612,55.696917238059804,1767.77,18.0,False,False,SUCCESS,
313,37,Al Ain,beauty_salon,2,24.237912389687388,55.67229056307751,1767.77,8.0,False,False,SUCCESS,
314,37,Al Ain,beauty_salon,2,24.260370169062163,55.67229056307751,1767.77,0.0,False,False,SUCCESS,
315,37,Al Ain,beauty_salon,2,24.237912389687388,55.6969215815714,1767.77,8.0,False,False,SUCCESS,
316,37,Al Ain,beauty_salon,2,24.260370169062163,55.6969215815714,1767.77,2.0,False,False,SUCCESS,
317,30,Al Barsha,beauty_salon,2,25.079458430937837,55.17840801907204,1767.77,16.0,False,False,SUCCESS,
318,30,Al Barsha,beauty_salon,2,25.101916210312613,55.17840801907204,1767.77,20.0,True,True,SUCCESS,
319,30,Al Barsha,beauty_salon,2,25.079458430937837,55.20320577042888,1767.77,20.0,True,True,SUCCESS,
320,30,Al Barsha,beauty_salon,2,25.101916210312613,55.20320577042888,1767.77,20.0,True,True,SUCCESS,
321,30,Al Barsha,beauty_salon,2,25.12437398968739,55.17840346243696,1767.77,20.0,True,True,SUCCESS,
322,30,Al Barsha,beauty_salon,2,25.146831769062164,55.17840346243696,1767.77,14.0,False,False,SUCCESS,
323,30,Al Barsha,beauty_salon,2,25.12437398968739,55.20321032706396,1767.77,20.0,True,True,SUCCESS,
324,30,Al Barsha,beauty_salon,2,25.146831769062164,55.20321032706396,1767.77,20.0,True,True,SUCCESS,
325,30,Al Barsha,beauty_salon,2,25.079458430937837,55.228012629571126,1767.77,20.0,True,True,SUCCESS,
326,30,Al Barsha,beauty_salon,2,25.101916210312613,55.228012629571126,1767.77,20.0,True,True,SUCCESS,
327,30,Al Barsha,beauty_salon,2,25.079458430937837,55.25281038092797,1767.77,17.0,False,False,SUCCESS,
328,30,Al Barsha,beauty_salon,2,25.101916210312613,55.25281038092797,1767.77,20.0,True,True,SUCCESS,
329,30,Al Barsha,beauty_salon,2,25.12437398968739,55.22800807293605,1767.77,19.0,False,False,SUCCESS,
330,30,Al Barsha,beauty_salon,2,25.146831769062164,55.22800807293605,1767.77,20.0,True,True,SUCCESS,
331,30,Al Barsha,beauty_salon,2,25.12437398968739,55.252814937563045,1767.77,19.0,False,False,SUCCESS,
332,30,Al Barsha,beauty_salon,2,25.146831769062164,55.252814937563045,1767.77,20.0,True,True,SUCCESS,
333,30,Al Barsha,hair_salon,2,25.079458430937837,55.17840801907204,1767.77,7.0,False,False,SUCCESS,
334,30,Al Barsha,hair_salon,2,25.101916210312613,55.17840801907204,1767.77,20.0,True,True,SUCCESS,
335,30,Al Barsha,hair_salon,2,25.079458430937837,55.20320577042888,1767.77,15.0,False,False,SUCCESS,
336,30,Al Barsha,hair_salon,2,25.101916210312613,55.20320577042888,1767.77,20.0,True,True,SUCCESS,
337,30,Al Barsha,hair_salon,2,25.12437398968739,55.17840346243696,1767.77,5.0,False,False,SUCCESS,
338,30,Al Barsha,hair_salon,2,25.146831769062164,55.17840346243696,1767.77,5.0,False,False,SUCCESS,
339,30,Al Barsha,hair_salon,2,25.12437398968739,55.20321032706396,1767.77,20.0,True,True,SUCCESS,
340,30,Al Barsha,hair_salon,2,25.146831769062164,55.20321032706396,1767.77,20.0,True,True,SUCCESS,
341,30,Al Barsha,hair_salon,2,25.079458430937837,55.228012629571126,1767.77,7.0,False,False,SUCCESS,
342,30,Al Barsha,hair_salon,2,25.101916210312613,55.228012629571126,1767.77,18.0,False,False,SUCCESS,
343,30,Al Barsha,hair_salon,2,25.079458430937837,55.25281038092797,1767.77,6.0,False,False,SUCCESS,
344,30,Al Barsha,hair_salon,2,25.101916210312613,55.25281038092797,1767.77,10.0,False,False,SUCCESS,
345,30,Al Barsha,hair_salon,2,25.12437398968739,55.22800807293605,1767.77,20.0,True,True,SUCCESS,
346,30,Al Barsha,hair_salon,2,25.146831769062164,55.22800807293605,1767.77,16.0,False,False,SUCCESS,
347,30,Al Barsha,hair_salon,2,25.12437398968739,55.252814937563045,1767.77,15.0,False,False,SUCCESS,
348,30,Al Barsha,hair_salon,2,25.146831769062164,55.252814937563045,1767.77,20.0,True,True,SUCCESS,
349,30,Al Barsha,nail_salon,2,25.079458430937837,55.17840801907204,1767.77,5.0,False,False,SUCCESS,
350,30,Al Barsha,nail_salon,2,25.101916210312613,55.17840801907204,1767.77,20.0,True,True,SUCCESS,
351,30,Al Barsha,nail_salon,2,25.079458430937837,55.20320577042888,1767.77,7.0,False,False,SUCCESS,
352,30,Al Barsha,nail_salon,2,25.101916210312613,55.20320577042888,1767.77,20.0,True,True,SUCCESS,
353,30,Al Barsha,nail_salon,2,25.12437398968739,55.17840346243696,1767.77,5.0,False,False,SUCCESS,
354,30,Al Barsha,nail_salon,2,25.146831769062164,55.17840346243696,1767.77,3.0,False,False,SUCCESS,
355,30,Al Barsha,nail_salon,2,25.12437398968739,55.20321032706396,1767.77,20.0,True,True,SUCCESS,
356,30,Al Barsha,nail_salon,2,25.146831769062164,55.20321032706396,1767.77,20.0,True,True,SUCCESS,
357,30,Al Barsha,nail_salon,2,25.079458430937837,55.228012629571126,1767.77,3.0,False,False,SUCCESS,
358,30,Al Barsha,nail_salon,2,25.101916210312613,55.228012629571126,1767.77,12.0,False,False,SUCCESS,
359,30,Al Barsha,nail_salon,2,25.079458430937837,55.25281038092797,1767.77,3.0,False,False,SUCCESS,
360,30,Al Barsha,nail_salon,2,25.101916210312613,55.25281038092797,1767.77,9.0,False,False,SUCCESS,
361,30,Al Barsha,nail_salon,2,25.12437398968739,55.22800807293605,1767.77,6.0,False,False,SUCCESS,
362,30,Al Barsha,nail_salon,2,25.146831769062164,55.22800807293605,1767.77,9.0,False,False,SUCCESS,
363,30,Al Barsha,nail_salon,2,25.12437398968739,55.252814937563045,1767.77,1.0,False,False,SUCCESS,
364,30,Al Barsha,nail_salon,2,25.146831769062164,55.252814937563045,1767.77,1.0,False,False,SUCCESS,
365,30,Al Barsha,spa,2,25.079458430937837,55.17840801907204,1767.77,20.0,True,True,SUCCESS,
366,30,Al Barsha,spa,2,25.101916210312613,55.17840801907204,1767.77,20.0,True,True,SUCCESS,
367,30,Al Barsha,spa,2,25.079458430937837,55.20320577042888,1767.77,20.0,True,True,SUCCESS,
368,30,Al Barsha,spa,2,25.101916210312613,55.20320577042888,1767.77,20.0,True,True,SUCCESS,
369,30,Al Barsha,spa,2,25.12437398968739,55.17840346243696,1767.77,20.0,True,True,SUCCESS,
370,30,Al Barsha,spa,2,25.146831769062164,55.17840346243696,1767.77,20.0,True,True,SUCCESS,
371,30,Al Barsha,spa,2,25.12437398968739,55.20321032706396,1767.77,20.0,True,True,SUCCESS,
372,30,Al Barsha,spa,2,25.146831769062164,55.20321032706396,1767.77,20.0,True,True,SUCCESS,
373,30,Al Barsha,spa,2,25.079458430937837,55.228012629571126,1767.77,9.0,False,False,SUCCESS,
374,30,Al Barsha,spa,2,25.101916210312613,55.228012629571126,1767.77,20.0,True,True,SUCCESS,
375,30,Al Barsha,spa,2,25.079458430937837,55.25281038092797,1767.77,15.0,False,False,SUCCESS,
376,30,Al Barsha,spa,2,25.101916210312613,55.25281038092797,1767.77,17.0,False,False,SUCCESS,
377,30,Al Barsha,spa,2,25.12437398968739,55.22800807293605,1767.77,13.0,False,False,SUCCESS,
378,30,Al Barsha,spa,2,25.146831769062164,55.22800807293605,1767.77,20.0,True,True,SUCCESS,
379,30,Al Barsha,spa,2,25.12437398968739,55.252814937563045,1767.77,12.0,False,False,SUCCESS,
380,30,Al Barsha,spa,2,25.146831769062164,55.252814937563045,1767.77,13.0,False,False,SUCCESS,
381,46,Al Dhafra Branch,hair_salon,2,23.63928128968739,53.72636868101331,1767.77,1.0,False,False,SUCCESS,
382,46,Al Dhafra Branch,hair_salon,2,23.661739069062165,53.72636868101331,1767.77,17.0,False,False,SUCCESS,
383,46,Al Dhafra Branch,hair_salon,2,23.63928128968739,53.75088565478768,1767.77,0.0,False,False,SUCCESS,
384,46,Al Dhafra Branch,hair_salon,2,23.661739069062165,53.75088565478768,1767.77,3.0,False,False,SUCCESS,
385,39,Al Falah,beauty_salon,2,24.409207230937838,54.702696491981115,1767.77,3.0,False,False,SUCCESS,
386,39,Al Falah,beauty_salon,2,24.431665010312614,54.702696491981115,1767.77,9.0,False,False,SUCCESS,
387,39,Al Falah,beauty_salon,2,24.409207230937838,54.72736083585835,1767.77,16.0,False,False,SUCCESS,
388,39,Al Falah,beauty_salon,2,24.431665010312614,54.72736083585835,1767.77,20.0,True,True,SUCCESS,
389,39,Al Falah,beauty_salon,2,24.45412278968739,54.702692097100126,1767.77,7.0,False,False,SUCCESS,
390,39,Al Falah,beauty_salon,2,24.476580569062165,54.702692097100126,1767.77,0.0,False,False,SUCCESS,
391,39,Al Falah,beauty_salon,2,24.45412278968739,54.72736523073934,1767.77,18.0,False,False,SUCCESS,
392,39,Al Falah,beauty_salon,2,24.476580569062165,54.72736523073934,1767.77,0.0,False,False,SUCCESS,
393,39,Al Falah,beauty_salon,2,24.409207230937838,54.752033964141646,1767.77,4.0,False,False,SUCCESS,
394,39,Al Falah,beauty_salon,2,24.431665010312614,54.752033964141646,1767.77,10.0,False,False,SUCCESS,
395,39,Al Falah,beauty_salon,2,24.409207230937838,54.77669830801888,1767.77,0.0,False,False,SUCCESS,
396,39,Al Falah,beauty_salon,2,24.431665010312614,54.77669830801888,1767.77,0.0,False,False,SUCCESS,
397,50,Al Jada,beauty_salon,2,25.285522930937837,55.44264718207508,1767.77,20.0,True,True,SUCCESS,
398,50,Al Jada,beauty_salon,2,25.307980710312613,55.44264718207508,1767.77,20.0,True,True,SUCCESS,
399,50,Al Jada,beauty_salon,2,25.285522930937837,55.46748692443465,1767.77,20.0,True,True,SUCCESS,
400,50,Al Jada,beauty_salon,2,25.307980710312613,55.46748692443465,1767.77,20.0,True,True,SUCCESS,
401,50,Al Jada,beauty_salon,2,25.33043848968739,55.442642574926694,1767.77,15.0,False,False,SUCCESS,
402,50,Al Jada,beauty_salon,2,25.352896269062164,55.442642574926694,1767.77,20.0,True,True,SUCCESS,
403,50,Al Jada,beauty_salon,2,25.33043848968739,55.467491531583036,1767.77,20.0,True,True,SUCCESS,
404,50,Al Jada,beauty_salon,2,25.352896269062164,55.467491531583036,1767.77,5.0,False,False,SUCCESS,
405,50,Al Jada,beauty_salon,2,25.33043848968739,55.49233126841696,1767.77,4.0,False,False,SUCCESS,
406,50,Al Jada,beauty_salon,2,25.352896269062164,55.49233126841696,1767.77,16.0,False,False,SUCCESS,
407,50,Al Jada,beauty_salon,2,25.33043848968739,55.517180225073304,1767.77,1.0,False,False,SUCCESS,
408,50,Al Jada,beauty_salon,2,25.352896269062164,55.517180225073304,1767.77,3.0,False,False,SUCCESS,
409,50,Al Jada,hair_salon,2,25.285522930937837,55.44264718207508,1767.77,20.0,True,True,SUCCESS,
410,50,Al Jada,hair_salon,2,25.307980710312613,55.44264718207508,1767.77,20.0,True,True,SUCCESS,
411,50,Al Jada,hair_salon,2,25.285522930937837,55.46748692443465,1767.77,9.0,False,False,SUCCESS,
412,50,Al Jada,hair_salon,2,25.307980710312613,55.46748692443465,1767.77,20.0,True,True,SUCCESS,
413,50,Al Jada,hair_salon,2,25.33043848968739,55.442642574926694,1767.77,5.0,False,False,SUCCESS,
414,50,Al Jada,hair_salon,2,25.352896269062164,55.442642574926694,1767.77,8.0,False,False,SUCCESS,
415,50,Al Jada,hair_salon,2,25.33043848968739,55.467491531583036,1767.77,4.0,False,False,SUCCESS,
416,50,Al Jada,hair_salon,2,25.352896269062164,55.467491531583036,1767.77,0.0,False,False,SUCCESS,
417,50,Al Jada,nail_salon,2,25.285522930937837,55.44264718207508,1767.77,2.0,False,False,SUCCESS,
418,50,Al Jada,nail_salon,2,25.307980710312613,55.44264718207508,1767.77,20.0,True,True,SUCCESS,
419,50,Al Jada,nail_salon,2,25.285522930937837,55.46748692443465,1767.77,1.0,False,False,SUCCESS,
420,50,Al Jada,nail_salon,2,25.307980710312613,55.46748692443465,1767.77,20.0,True,True,SUCCESS,
421,50,Al Jada,spa,2,25.285522930937837,55.44264718207508,1767.77,5.0,False,False,SUCCESS,
422,50,Al Jada,spa,2,25.307980710312613,55.44264718207508,1767.77,20.0,True,True,SUCCESS,
423,50,Al Jada,spa,2,25.285522930937837,55.46748692443465,1767.77,3.0,False,False,SUCCESS,
424,50,Al Jada,spa,2,25.307980710312613,55.46748692443465,1767.77,20.0,True,True,SUCCESS,
425,50,Al Jada,spa,2,25.33043848968739,55.442642574926694,1767.77,2.0,False,False,SUCCESS,
426,50,Al Jada,spa,2,25.352896269062164,55.442642574926694,1767.77,6.0,False,False,SUCCESS,
427,50,Al Jada,spa,2,25.33043848968739,55.467491531583036,1767.77,2.0,False,False,SUCCESS,
428,50,Al Jada,spa,2,25.352896269062164,55.467491531583036,1767.77,0.0,False,False,SUCCESS,
429,45,Al Maqta,beauty_salon,2,24.379364930937836,54.45596344132902,1767.77,0.0,False,False,SUCCESS,
430,45,Al Maqta,beauty_salon,2,24.40182271031261,54.45596344132902,1767.77,6.0,False,False,SUCCESS,
431,45,Al Maqta,beauty_salon,2,24.379364930937836,54.480621957048,1767.77,3.0,False,False,SUCCESS,
432,45,Al Maqta,beauty_salon,2,24.40182271031261,54.480621957048,1767.77,20.0,True,True,SUCCESS,
433,45,Al Maqta,beauty_salon,2,24.424280489687387,54.455959053561344,1767.77,20.0,True,True,SUCCESS,
434,45,Al Maqta,beauty_salon,2,24.446738269062163,54.455959053561344,1767.77,6.0,False,False,SUCCESS,
435,45,Al Maqta,beauty_salon,2,24.424280489687387,54.480626344815676,1767.77,14.0,False,False,SUCCESS,
436,45,Al Maqta,beauty_salon,2,24.446738269062163,54.480626344815676,1767.77,0.0,False,False,SUCCESS,
437,45,Al Maqta,beauty_salon,2,24.379364930937836,54.505289242952,1767.77,12.0,False,False,SUCCESS,
438,45,Al Maqta,beauty_salon,2,24.40182271031261,54.505289242952,1767.77,20.0,True,True,SUCCESS,
439,45,Al Maqta,beauty_salon,2,24.379364930937836,54.529947758670986,1767.77,12.0,False,False,SUCCESS,
440,45,Al Maqta,beauty_salon,2,24.40182271031261,54.529947758670986,1767.77,7.0,False,False,SUCCESS,
441,45,Al Maqta,beauty_salon,2,24.424280489687387,54.50528485518433,1767.77,9.0,False,False,SUCCESS,
442,45,Al Maqta,beauty_salon,2,24.446738269062163,54.50528485518433,1767.77,0.0,False,False,SUCCESS,
443,45,Al Maqta,beauty_salon,2,24.424280489687387,54.52995214643866,1767.77,7.0,False,False,SUCCESS,
444,45,Al Maqta,beauty_salon,2,24.446738269062163,54.52995214643866,1767.77,0.0,False,False,SUCCESS,
445,45,Al Maqta,hair_salon,2,24.424280489687387,54.455959053561344,1767.77,8.0,False,False,SUCCESS,
446,45,Al Maqta,hair_salon,2,24.446738269062163,54.455959053561344,1767.77,2.0,False,False,SUCCESS,
447,45,Al Maqta,hair_salon,2,24.424280489687387,54.480626344815676,1767.77,6.0,False,False,SUCCESS,
448,45,Al Maqta,hair_salon,2,24.446738269062163,54.480626344815676,1767.77,0.0,False,False,SUCCESS,
449,45,Al Maqta,hair_salon,2,24.379364930937836,54.505289242952,1767.77,20.0,True,True,SUCCESS,
450,45,Al Maqta,hair_salon,2,24.40182271031261,54.505289242952,1767.77,9.0,False,False,SUCCESS,
451,45,Al Maqta,hair_salon,2,24.379364930937836,54.529947758670986,1767.77,8.0,False,False,SUCCESS,
452,45,Al Maqta,hair_salon,2,24.40182271031261,54.529947758670986,1767.77,6.0,False,False,SUCCESS,
453,45,Al Maqta,spa,2,24.379364930937836,54.45596344132902,1767.77,0.0,False,False,SUCCESS,
454,45,Al Maqta,spa,2,24.40182271031261,54.45596344132902,1767.77,8.0,False,False,SUCCESS,
455,45,Al Maqta,spa,2,24.379364930937836,54.480621957048,1767.77,1.0,False,False,SUCCESS,
456,45,Al Maqta,spa,2,24.40182271031261,54.480621957048,1767.77,20.0,True,True,SUCCESS,
457,45,Al Maqta,spa,2,24.424280489687387,54.455959053561344,1767.77,,,,ERROR,"('Connection aborted.', ConnectionResetError(10054, 'An existing connection was forcibly closed by the remote host', None, 10054, None))"
458,45,Al Maqta,spa,2,24.446738269062163,54.455959053561344,1767.77,7.0,False,False,SUCCESS,
459,45,Al Maqta,spa,2,24.424280489687387,54.480626344815676,1767.77,20.0,True,True,SUCCESS,
460,45,Al Maqta,spa,2,24.446738269062163,54.480626344815676,1767.77,0.0,False,False,SUCCESS,
461,45,Al Maqta,spa,2,24.379364930937836,54.505289242952,1767.77,2.0,False,False,SUCCESS,
462,45,Al Maqta,spa,2,24.40182271031261,54.505289242952,1767.77,20.0,True,True,SUCCESS,
463,45,Al Maqta,spa,2,24.379364930937836,54.529947758670986,1767.77,,,,ERROR,"('Connection aborted.', ConnectionResetError(10054, 'An existing connection was forcibly closed by the remote host', None, 10054, None))"
464,45,Al Maqta,spa,2,24.40182271031261,54.529947758670986,1767.77,10.0,False,False,SUCCESS,
465,45,Al Maqta,spa,2,24.424280489687387,54.50528485518433,1767.77,9.0,False,False,SUCCESS,
466,45,Al Maqta,spa,2,24.446738269062163,54.50528485518433,1767.77,0.0,False,False,SUCCESS,
467,45,Al Maqta,spa,2,24.424280489687387,54.52995214643866,1767.77,14.0,False,False,SUCCESS,
468,45,Al Maqta,spa,2,24.446738269062163,54.52995214643866,1767.77,0.0,False,False,SUCCESS,
469,51,Al Taif Mall,beauty_salon,2,25.13148948968739,56.288142395575534,1767.77,1.0,False,False,SUCCESS,
470,51,Al Taif Mall,beauty_salon,2,25.153947269062165,56.288142395575534,1767.77,0.0,False,False,SUCCESS,
471,51,Al Taif Mall,beauty_salon,2,25.13148948968739,56.31295070593595,1767.77,20.0,True,True,SUCCESS,
472,51,Al Taif Mall,beauty_salon,2,25.153947269062165,56.31295070593595,1767.77,0.0,False,False,SUCCESS,
473,51,Al Taif Mall,beauty_salon,2,25.08657393093784,56.337754452437125,1767.77,1.0,False,False,SUCCESS,
474,51,Al Taif Mall,beauty_salon,2,25.109031710312614,56.337754452437125,1767.77,20.0,True,True,SUCCESS,
475,51,Al Taif Mall,beauty_salon,2,25.08657393093784,56.36255364605138,1767.77,9.0,False,False,SUCCESS,
476,51,Al Taif Mall,beauty_salon,2,25.109031710312614,56.36255364605138,1767.77,11.0,False,False,SUCCESS,
477,51,Al Taif Mall,beauty_salon,2,25.13148948968739,56.337749894064046,1767.77,20.0,True,True,SUCCESS,
478,51,Al Taif Mall,beauty_salon,2,25.153947269062165,56.337749894064046,1767.77,20.0,True,True,SUCCESS,
479,51,Al Taif Mall,beauty_salon,2,25.13148948968739,56.36255820442446,1767.77,20.0,True,True,SUCCESS,
480,51,Al Taif Mall,beauty_salon,2,25.153947269062165,56.36255820442446,1767.77,20.0,True,True,SUCCESS,
481,51,Al Taif Mall,hair_salon,2,25.08657393093784,56.337754452437125,1767.77,0.0,False,False,SUCCESS,
482,51,Al Taif Mall,hair_salon,2,25.109031710312614,56.337754452437125,1767.77,13.0,False,False,SUCCESS,
483,51,Al Taif Mall,hair_salon,2,25.08657393093784,56.36255364605138,1767.77,0.0,False,False,SUCCESS,
484,51,Al Taif Mall,hair_salon,2,25.109031710312614,56.36255364605138,1767.77,0.0,False,False,SUCCESS,
485,51,Al Taif Mall,hair_salon,2,25.13148948968739,56.337749894064046,1767.77,20.0,True,True,SUCCESS,
486,51,Al Taif Mall,hair_salon,2,25.153947269062165,56.337749894064046,1767.77,11.0,False,False,SUCCESS,
487,51,Al Taif Mall,hair_salon,2,25.13148948968739,56.36255820442446,1767.77,8.0,False,False,SUCCESS,
488,51,Al Taif Mall,hair_salon,2,25.153947269062165,56.36255820442446,1767.77,7.0,False,False,SUCCESS,
489,51,Al Taif Mall,spa,2,25.13148948968739,56.337749894064046,1767.77,20.0,True,True,SUCCESS,
490,51,Al Taif Mall,spa,2,25.153947269062165,56.337749894064046,1767.77,7.0,False,False,SUCCESS,
491,51,Al Taif Mall,spa,2,25.13148948968739,56.36255820442446,1767.77,12.0,False,False,SUCCESS,
492,51,Al Taif Mall,spa,2,25.153947269062165,56.36255820442446,1767.77,6.0,False,False,SUCCESS,
493,36,Baniyas,beauty_salon,2,24.263676430937835,54.59628902580625,1767.77,0.0,False,False,SUCCESS,
494,36,Baniyas,beauty_salon,2,24.28613421031261,54.59628902580625,1767.77,0.0,False,False,SUCCESS,
495,36,Baniyas,beauty_salon,2,24.263676430937835,54.620925036870496,1767.77,3.0,False,False,SUCCESS,
496,36,Baniyas,beauty_salon,2,24.28613421031261,54.620925036870496,1767.77,9.0,False,False,SUCCESS,
497,36,Baniyas,beauty_salon,2,24.308591989687386,54.59628466554448,1767.77,9.0,False,False,SUCCESS,
498,36,Baniyas,beauty_salon,2,24.33104976906216,54.59628466554448,1767.77,0.0,False,False,SUCCESS,
499,36,Baniyas,beauty_salon,2,24.308591989687386,54.620929397132265,1767.77,20.0,True,True,SUCCESS,
500,36,Baniyas,beauty_salon,2,24.33104976906216,54.620929397132265,1767.77,13.0,False,False,SUCCESS,
